<annotation>
	<folder>my-project-name</folder>
	<filename>WhatsApp Image 2022-07-13 at 17.51.47.jpeg</filename>
	<path>/my-project-name/WhatsApp Image 2022-07-13 at 17.51.47.jpeg</path>
	<source>
		<database>Unspecified</database>
	</source>
	<size>
		<width>1200</width>
		<height>1600</height>
		<depth>3</depth>
	</size>
	<object>
		<name>07</name>
		<pose>Unspecified</pose>
		<truncated>Unspecified</truncated>
		<difficult>Unspecified</difficult>
		<bndbox>
			<xmin>590</xmin>
			<ymin>686</ymin>
			<xmax>834</xmax>
			<ymax>957</ymax>
		</bndbox>
	</object>
</annotation>