<annotation>
	<folder>my-project-name</folder>
	<filename>WhatsApp Image 2022-07-14 at 10.27.33.jpeg</filename>
	<path>/my-project-name/WhatsApp Image 2022-07-14 at 10.27.33.jpeg</path>
	<source>
		<database>Unspecified</database>
	</source>
	<size>
		<width>720</width>
		<height>1280</height>
		<depth>3</depth>
	</size>
	<object>
		<name>06</name>
		<pose>Unspecified</pose>
		<truncated>Unspecified</truncated>
		<difficult>Unspecified</difficult>
		<bndbox>
			<xmin>297</xmin>
			<ymin>550</ymin>
			<xmax>487</xmax>
			<ymax>706</ymax>
		</bndbox>
	</object>
</annotation>