<annotation>
	<folder>my-project-name</folder>
	<filename>WhatsApp Image 2022-07-13 at 17.30.07 (2).jpeg</filename>
	<path>/my-project-name/WhatsApp Image 2022-07-13 at 17.30.07 (2).jpeg</path>
	<source>
		<database>Unspecified</database>
	</source>
	<size>
		<width>720</width>
		<height>1600</height>
		<depth>3</depth>
	</size>
	<object>
		<name>13</name>
		<pose>Unspecified</pose>
		<truncated>Unspecified</truncated>
		<difficult>Unspecified</difficult>
		<bndbox>
			<xmin>220</xmin>
			<ymin>592</ymin>
			<xmax>578</xmax>
			<ymax>961</ymax>
		</bndbox>
	</object>
</annotation>