<annotation>
	<folder>my-project-name</folder>
	<filename>WhatsApp Image 2022-07-12 at 19.31.29 (1).jpeg</filename>
	<path>/my-project-name/WhatsApp Image 2022-07-12 at 19.31.29 (1).jpeg</path>
	<source>
		<database>Unspecified</database>
	</source>
	<size>
		<width>1200</width>
		<height>1600</height>
		<depth>3</depth>
	</size>
	<object>
		<name>07</name>
		<pose>Unspecified</pose>
		<truncated>Unspecified</truncated>
		<difficult>Unspecified</difficult>
		<bndbox>
			<xmin>571</xmin>
			<ymin>639</ymin>
			<xmax>832</xmax>
			<ymax>890</ymax>
		</bndbox>
	</object>
</annotation>