<annotation>
	<folder>my-project-name</folder>
	<filename>WhatsApp Image 2022-07-13 at 11.21.57 (1).jpeg</filename>
	<path>/my-project-name/WhatsApp Image 2022-07-13 at 11.21.57 (1).jpeg</path>
	<source>
		<database>Unspecified</database>
	</source>
	<size>
		<width>780</width>
		<height>1040</height>
		<depth>3</depth>
	</size>
	<object>
		<name>12</name>
		<pose>Unspecified</pose>
		<truncated>Unspecified</truncated>
		<difficult>Unspecified</difficult>
		<bndbox>
			<xmin>262</xmin>
			<ymin>287</ymin>
			<xmax>463</xmax>
			<ymax>531</ymax>
		</bndbox>
	</object>
</annotation>