<annotation>
	<folder>my-project-name</folder>
	<filename>WhatsApp Image 2022-07-13 at 11.21.54.jpeg</filename>
	<path>/my-project-name/WhatsApp Image 2022-07-13 at 11.21.54.jpeg</path>
	<source>
		<database>Unspecified</database>
	</source>
	<size>
		<width>780</width>
		<height>1040</height>
		<depth>3</depth>
	</size>
	<object>
		<name>02</name>
		<pose>Unspecified</pose>
		<truncated>Unspecified</truncated>
		<difficult>Unspecified</difficult>
		<bndbox>
			<xmin>202</xmin>
			<ymin>463</ymin>
			<xmax>367</xmax>
			<ymax>631</ymax>
		</bndbox>
	</object>
</annotation>