<annotation>
	<folder>my-project-name</folder>
	<filename>WhatsApp Image 2022-07-14 at 10.10.51.jpeg</filename>
	<path>/my-project-name/WhatsApp Image 2022-07-14 at 10.10.51.jpeg</path>
	<source>
		<database>Unspecified</database>
	</source>
	<size>
		<width>720</width>
		<height>1280</height>
		<depth>3</depth>
	</size>
	<object>
		<name>14</name>
		<pose>Unspecified</pose>
		<truncated>Unspecified</truncated>
		<difficult>Unspecified</difficult>
		<bndbox>
			<xmin>291</xmin>
			<ymin>601</ymin>
			<xmax>456</xmax>
			<ymax>734</ymax>
		</bndbox>
	</object>
</annotation>