<annotation>
	<folder>my-project-name</folder>
	<filename>WhatsApp Image 2022-07-13 at 17.51.49(2).jpeg</filename>
	<path>/my-project-name/WhatsApp Image 2022-07-13 at 17.51.49(2).jpeg</path>
	<source>
		<database>Unspecified</database>
	</source>
	<size>
		<width>1200</width>
		<height>1600</height>
		<depth>3</depth>
	</size>
	<object>
		<name>12</name>
		<pose>Unspecified</pose>
		<truncated>Unspecified</truncated>
		<difficult>Unspecified</difficult>
		<bndbox>
			<xmin>521</xmin>
			<ymin>503</ymin>
			<xmax>781</xmax>
			<ymax>845</ymax>
		</bndbox>
	</object>
</annotation>