<annotation>
	<folder>my-project-name</folder>
	<filename>WhatsApp Image 2022-07-13 at 17.56.10.jpeg</filename>
	<path>/my-project-name/WhatsApp Image 2022-07-13 at 17.56.10.jpeg</path>
	<source>
		<database>Unspecified</database>
	</source>
	<size>
		<width>720</width>
		<height>1280</height>
		<depth>3</depth>
	</size>
	<object>
		<name>30</name>
		<pose>Unspecified</pose>
		<truncated>Unspecified</truncated>
		<difficult>Unspecified</difficult>
		<bndbox>
			<xmin>184</xmin>
			<ymin>767</ymin>
			<xmax>406</xmax>
			<ymax>1025</ymax>
		</bndbox>
	</object>
</annotation>