<annotation>
	<folder>my-project-name</folder>
	<filename>WhatsApp Image 2022-07-13 at 07.23.25.jpeg</filename>
	<path>/my-project-name/WhatsApp Image 2022-07-13 at 07.23.25.jpeg</path>
	<source>
		<database>Unspecified</database>
	</source>
	<size>
		<width>1384</width>
		<height>1600</height>
		<depth>3</depth>
	</size>
	<object>
		<name>13</name>
		<pose>Unspecified</pose>
		<truncated>Unspecified</truncated>
		<difficult>Unspecified</difficult>
		<bndbox>
			<xmin>739</xmin>
			<ymin>474</ymin>
			<xmax>1063</xmax>
			<ymax>800</ymax>
		</bndbox>
	</object>
</annotation>