<annotation>
	<folder>my-project-name</folder>
	<filename>WhatsApp Image 2022-07-13 at 17.32.48.jpeg</filename>
	<path>/my-project-name/WhatsApp Image 2022-07-13 at 17.32.48.jpeg</path>
	<source>
		<database>Unspecified</database>
	</source>
	<size>
		<width>1600</width>
		<height>737</height>
		<depth>3</depth>
	</size>
	<object>
		<name>05</name>
		<pose>Unspecified</pose>
		<truncated>Unspecified</truncated>
		<difficult>Unspecified</difficult>
		<bndbox>
			<xmin>595</xmin>
			<ymin>117</ymin>
			<xmax>890</xmax>
			<ymax>465</ymax>
		</bndbox>
	</object>
</annotation>