<annotation>
	<folder>my-project-name</folder>
	<filename>WhatsApp Image 2022-07-12 at 19.31.29.jpeg</filename>
	<path>/my-project-name/WhatsApp Image 2022-07-12 at 19.31.29.jpeg</path>
	<source>
		<database>Unspecified</database>
	</source>
	<size>
		<width>1200</width>
		<height>1600</height>
		<depth>3</depth>
	</size>
	<object>
		<name>04</name>
		<pose>Unspecified</pose>
		<truncated>Unspecified</truncated>
		<difficult>Unspecified</difficult>
		<bndbox>
			<xmin>592</xmin>
			<ymin>613</ymin>
			<xmax>875</xmax>
			<ymax>857</ymax>
		</bndbox>
	</object>
</annotation>