<annotation>
	<folder>my-project-name</folder>
	<filename>WhatsApp Image 2022-07-13 at 07.23.23 (1).jpeg</filename>
	<path>/my-project-name/WhatsApp Image 2022-07-13 at 07.23.23 (1).jpeg</path>
	<source>
		<database>Unspecified</database>
	</source>
	<size>
		<width>1000</width>
		<height>1043</height>
		<depth>3</depth>
	</size>
	<object>
		<name>02</name>
		<pose>Unspecified</pose>
		<truncated>Unspecified</truncated>
		<difficult>Unspecified</difficult>
		<bndbox>
			<xmin>218</xmin>
			<ymin>267</ymin>
			<xmax>418</xmax>
			<ymax>428</ymax>
		</bndbox>
	</object>
</annotation>