<annotation>
	<folder>my-project-name</folder>
	<filename>WhatsApp Image 2022-07-13 at 07.23.24.jpeg</filename>
	<path>/my-project-name/WhatsApp Image 2022-07-13 at 07.23.24.jpeg</path>
	<source>
		<database>Unspecified</database>
	</source>
	<size>
		<width>1301</width>
		<height>1600</height>
		<depth>3</depth>
	</size>
	<object>
		<name>09</name>
		<pose>Unspecified</pose>
		<truncated>Unspecified</truncated>
		<difficult>Unspecified</difficult>
		<bndbox>
			<xmin>356</xmin>
			<ymin>230</ymin>
			<xmax>670</xmax>
			<ymax>539</ymax>
		</bndbox>
	</object>
</annotation>