<annotation>
	<folder>my-project-name</folder>
	<filename>WhatsApp Image 2022-07-12 at 19.31.28.jpeg</filename>
	<path>/my-project-name/WhatsApp Image 2022-07-12 at 19.31.28.jpeg</path>
	<source>
		<database>Unspecified</database>
	</source>
	<size>
		<width>1200</width>
		<height>1600</height>
		<depth>3</depth>
	</size>
	<object>
		<name>05</name>
		<pose>Unspecified</pose>
		<truncated>Unspecified</truncated>
		<difficult>Unspecified</difficult>
		<bndbox>
			<xmin>635</xmin>
			<ymin>537</ymin>
			<xmax>885</xmax>
			<ymax>808</ymax>
		</bndbox>
	</object>
</annotation>