<annotation>
	<folder>my-project-name</folder>
	<filename>WhatsApp Image 2022-07-13 at 07.23.23.jpeg</filename>
	<path>/my-project-name/WhatsApp Image 2022-07-13 at 07.23.23.jpeg</path>
	<source>
		<database>Unspecified</database>
	</source>
	<size>
		<width>1000</width>
		<height>1026</height>
		<depth>3</depth>
	</size>
	<object>
		<name>11</name>
		<pose>Unspecified</pose>
		<truncated>Unspecified</truncated>
		<difficult>Unspecified</difficult>
		<bndbox>
			<xmin>308</xmin>
			<ymin>223</ymin>
			<xmax>519</xmax>
			<ymax>402</ymax>
		</bndbox>
	</object>
</annotation>