<annotation>
	<folder>my-project-name</folder>
	<filename>WhatsApp Image 2022-07-13 at 07.23.22 (1).jpeg</filename>
	<path>/my-project-name/WhatsApp Image 2022-07-13 at 07.23.22 (1).jpeg</path>
	<source>
		<database>Unspecified</database>
	</source>
	<size>
		<width>1000</width>
		<height>1156</height>
		<depth>3</depth>
	</size>
	<object>
		<name>04</name>
		<pose>Unspecified</pose>
		<truncated>Unspecified</truncated>
		<difficult>Unspecified</difficult>
		<bndbox>
			<xmin>490</xmin>
			<ymin>264</ymin>
			<xmax>699</xmax>
			<ymax>445</ymax>
		</bndbox>
	</object>
</annotation>