<annotation>
	<folder>my-project-name</folder>
	<filename>WhatsApp Image 2022-07-14 at 10.24.07.jpeg</filename>
	<path>/my-project-name/WhatsApp Image 2022-07-14 at 10.24.07.jpeg</path>
	<source>
		<database>Unspecified</database>
	</source>
	<size>
		<width>780</width>
		<height>1040</height>
		<depth>3</depth>
	</size>
	<object>
		<name>06</name>
		<pose>Unspecified</pose>
		<truncated>Unspecified</truncated>
		<difficult>Unspecified</difficult>
		<bndbox>
			<xmin>333</xmin>
			<ymin>470</ymin>
			<xmax>497</xmax>
			<ymax>625</ymax>
		</bndbox>
	</object>
</annotation>