<annotation>
	<folder>my-project-name</folder>
	<filename>WhatsApp Image 2022-07-14 at 10.10.16.jpeg</filename>
	<path>/my-project-name/WhatsApp Image 2022-07-14 at 10.10.16.jpeg</path>
	<source>
		<database>Unspecified</database>
	</source>
	<size>
		<width>780</width>
		<height>1040</height>
		<depth>3</depth>
	</size>
	<object>
		<name>14</name>
		<pose>Unspecified</pose>
		<truncated>Unspecified</truncated>
		<difficult>Unspecified</difficult>
		<bndbox>
			<xmin>321</xmin>
			<ymin>418</ymin>
			<xmax>502</xmax>
			<ymax>583</ymax>
		</bndbox>
	</object>
</annotation>