<annotation>
	<folder>my-project-name</folder>
	<filename>WhatsApp Image 2022-07-13 at 17.56.21 (1).jpeg</filename>
	<path>/my-project-name/WhatsApp Image 2022-07-13 at 17.56.21 (1).jpeg</path>
	<source>
		<database>Unspecified</database>
	</source>
	<size>
		<width>720</width>
		<height>1280</height>
		<depth>3</depth>
	</size>
	<object>
		<name>09</name>
		<pose>Unspecified</pose>
		<truncated>Unspecified</truncated>
		<difficult>Unspecified</difficult>
		<bndbox>
			<xmin>228</xmin>
			<ymin>582</ymin>
			<xmax>377</xmax>
			<ymax>745</ymax>
		</bndbox>
	</object>
</annotation>