<annotation>
	<folder>my-project-name</folder>
	<filename>WhatsApp Image 2022-07-13 at 17.32.45.jpeg</filename>
	<path>/my-project-name/WhatsApp Image 2022-07-13 at 17.32.45.jpeg</path>
	<source>
		<database>Unspecified</database>
	</source>
	<size>
		<width>1600</width>
		<height>737</height>
		<depth>3</depth>
	</size>
	<object>
		<name>13</name>
		<pose>Unspecified</pose>
		<truncated>Unspecified</truncated>
		<difficult>Unspecified</difficult>
		<bndbox>
			<xmin>710</xmin>
			<ymin>198</ymin>
			<xmax>952</xmax>
			<ymax>424</ymax>
		</bndbox>
	</object>
</annotation>