<annotation>
	<folder>my-project-name</folder>
	<filename>WhatsApp Image 2022-07-13 at 17.32.49.jpeg</filename>
	<path>/my-project-name/WhatsApp Image 2022-07-13 at 17.32.49.jpeg</path>
	<source>
		<database>Unspecified</database>
	</source>
	<size>
		<width>1600</width>
		<height>737</height>
		<depth>3</depth>
	</size>
	<object>
		<name>04</name>
		<pose>Unspecified</pose>
		<truncated>Unspecified</truncated>
		<difficult>Unspecified</difficult>
		<bndbox>
			<xmin>651</xmin>
			<ymin>140</ymin>
			<xmax>987</xmax>
			<ymax>484</ymax>
		</bndbox>
	</object>
</annotation>